{
	"info": {
		"_postman_id": "755c2b99-005e-4f66-abe5-cbc248d7795b",
		"name": "Article Management System API",
		"description": "Collection for managing users, posts, tags, and comments in the Article Management System.",
		"schema": "https://schema.getpostman.com/json/collection/v2.1.0/collection.json",
		"_exporter_id": "38734961"
	},
	"item": [
		{
			"name": "Authentication",
			"item": [
				{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
					"name": "Login",
					"request": {
						"method": "POST",
						"header": [],
						"body": {
							"mode": "raw",
							"raw": "{\n    \"email\": \"mohammadh@example.com\",\n    \"password\": \"1234567@\"\n}",
							"options": {
								"raw": {
									"language": "json"
								}
							}
						},
						"url": {
							"raw": "{{base_url}}/api/login",
							"host": [
								"{{base_url}}"
							],
							"path": [
								"api",
								"login"
							]
						}
					},
					"response": []
				},
				{
					"name": "register",
					"request": {
						"method": "POST",
						"header": [
							{
								"key": "Content-Type",
								"value": "application/json",
								"type": "text"
							},
							{
								"key": "Accept",
								"value": "application/json",
								"type": "text"
							},
							{
								"key": "Authorization",
								"value": "",
								"type": "text"
							}
						],
						"body": {
							"mode": "raw",
							"raw": "{\n    \"name\": \"mohammadh\",\n    \"email\": \"mohammadh@example.com\",\n    \"password\": \"1234567@\",\n    \"password_confirmation\": \"1234567@\"\n}",
							"options": {
								"raw": {
									"language": "json"
								}
							}
						},
						"url": {
							"raw": "{{base_url}}/api/register",
							"host": [
								"{{base_url}}"
							],
							"path": [
								"api",
								"register"
							]
						}
					},
					"response": []
				}
			]
		},
		{
			"name": "Posts",
			"item": [
				{
					"name": "List All Posts",
					"protocolProfileBehavior": {
						"disableBodyPruning": true
					},
					"request": {
						"method": "GET",
						"header": [
							{
								"key": "Authorization",
								"value": "{{Authorization}}",
								"type": "text"
							}
						],
						"body": {
							"mode": "raw",
							"raw": "",
							"options": {
								"raw": {
									"language": "json"
								}
							}
						},
						"url": {
							"raw": "{{base_url}}/api/posts",
							"host": [
								"{{base_url}}"
							],
							"path": [
								"api",
								"posts"
							]
						}
					},
					"response": []
				},
				{
					"name": "Create a Post",
					"request": {
						"method": "POST",
						"header": [
							{
								"key": "Authorization",
								"value": "{{Authorization}}",
								"type": "text"
							},
							{
								"key": "Content-Type",
								"value": "application/json",
								"type": "text"
							},
							{
								"key": "Accept",
								"value": "application/json",
								"type": "text"
							}
						],
						"body": {
							"mode": "raw",
							"raw": "{\n    \"title\": \"New Post1\",\n    \"content\": \"This is a new post.\",\n    \"tags\": [1 , 2]\n}",
							"options": {
								"raw": {
									"language": "json"
								}
							}
						},
						"url": {
							"raw": "{{base_url}}/api/posts",
							"host": [
								"{{base_url}}"
							],
							"path": [
								"api",
								"posts"
							]
						}
					},
					"response": []
				},
				{
					"name": "Delete a Post",
					"request": {
						"method": "DELETE",
						"header": [
							{
								"key": "Authorization",
								"value": "{{Authorization}}",
								"type": "text"
							},
							{
								"key": "Content-Type",
								"value": "application/json",
								"type": "text"
							},
							{
								"key": "Accept",
								"value": "application/json",
								"type": "text"
							}
						],
						"url": {
							"raw": "{{base_url}}/api/posts/4",
							"host": [
								"{{base_url}}"
							],
							"path": [
								"api",
								"posts",
								"4"
							]
						}
					},
					"response": []
				},
				{
					"name": "Update a Post",
					"request": {
						"method": "PUT",
						"header": [
							{
								"key": "Authorization",
								"value": "{{Authorization}}",
								"type": "text"
							},
							{
								"key": "Content-Type",
								"value": "application/json",
								"type": "text"
							},
							{
								"key": "Accept",
								"value": "application/json",
								"type": "text"
							}
						],
						"body": {
							"mode": "raw",
							"raw": "{\n    \"title\": \"New Post2\",\n    \"content\": \"This is a new post.\",\n    \"tags\": [2]\n}",
							"options": {
								"raw": {
									"language": "json"
								}
							}
						},
						"url": {
							"raw": "{{base_url}}/api/posts/2",
							"host": [
								"{{base_url}}"
							],
							"path": [
								"api",
								"posts",
								"2"
							]
						}
					},
					"response": []
				}
			]
		},
		{
			"name": "Comments",
			"item": [
				{
					"name": "List Comments for a Post",
					"request": {
						"method": "GET",
						"header": [
							{
								"key": "Authorization",
								"value": "{{Authorization}}",
								"type": "text"
							},
							{
								"key": "Content-Type",
								"value": "application/json",
								"type": "text"
							},
							{
								"key": "Accept",
								"value": "application/json",
								"type": "text"
							}
						],
						"url": {
							"raw": "{{base_url}}/api/post/7/comments",
							"host": [
								"{{base_url}}"
							],
							"path": [
								"api",
								"post",
								"7",
								"comments"
							]
						}
					},
					"response": []
				},
				{
					"name": "List Comments for a User",
					"request": {
						"method": "GET",
						"header": [
							{
								"key": "Authorization",
								"value": "{{Authorization}}",
								"type": "text"
							},
							{
								"key": "Content-Type",
								"value": "application/json",
								"type": "text"
							},
							{
								"key": "Accept",
								"value": "application/json",
								"type": "text"
							}
						],
						"url": {
							"raw": "{{base_url}}/api/user/1/comments",
							"host": [
								"{{base_url}}"
							],
							"path": [
								"api",
								"user",
								"1",
								"comments"
							]
						}
					},
					"response": []
				},
				{
					"name": "Add Comment to a Post",
					"request": {
						"method": "POST",
						"header": [
							{
								"key": "Authorization",
								"value": "{{Authorization}}",
								"type": "text"
							},
							{
								"key": "Accept",
								"value": "application/json",
								"type": "text"
							},
							{
								"key": "Content-Type",
								"value": "application/json",
								"type": "text"
							}
						],
						"body": {
							"mode": "raw",
							"raw": "{\n    \"content\": \"This is a comment.\"\n}",
							"options": {
								"raw": {
									"language": "json"
								}
							}
						},
						"url": {
							"raw": "{{base_url}}/api/post/29/comments",
							"host": [
								"{{base_url}}"
							],
							"path": [
								"api",
								"post",
								"29",
								"comments"
							]
						}
					},
					"response": []
				},
				{
					"name": "Add Comment to a User",
					"request": {
						"method": "POST",
						"header": [
							{
								"key": "Authorization",
								"value": "{{Authorization}}",
								"type": "text"
							},
							{
								"key": "Content-Type",
								"value": "application/json",
								"type": "text"
							},
							{
								"key": "Accept",
								"value": "application/json",
								"type": "text"
							}
						],
						"body": {
							"mode": "raw",
							"raw": "{\n    \"content\": \"This is a comment.\"\n}",
							"options": {
								"raw": {
									"language": "json"
								}
							}
						},
						"url": {
							"raw": "{{base_url}}/api/user/1/comments",
							"host": [
								"{{base_url}}"
							],
							"path": [
								"api",
								"user",
								"1",
								"comments"
							]
						}
					},
					"response": []
				}
			]
		}
	]
}
